{"stats":{"minecraft:custom":{"minecraft:jump":21,"minecraft:time_since_rest":2343,"minecraft:deaths":1,"minecraft:leave_game":2,"minecraft:play_time":3061,"minecraft:sprint_one_cm":2199,"minecraft:damage_taken":20,"minecraft:time_since_death":2320,"minecraft:walk_one_cm":6520,"minecraft:sneak_time":12,"minecraft:total_world_time":3109,"minecraft:fall_one_cm":482,"minecraft:fly_one_cm":8659},"minecraft:used":{"minecraft:yellow_concrete":1,"minecraft:stone_pressure_plate":1,"minecraft:terracotta":2}},"DataVersion":3465}